release_date,collected_from,collected_to,NGC,target_name,filters,jpeg,proposal
2024-05-18,2023-05-17 19:20:46.553,2023-05-17 22:47:44.419,4449,NGC4449-NIRCAM,115 187 300 335 444,mast:JWST/product/jw01783-o006_t006_nircam_clear-f115w_i2d.jpg,1783
2024-05-17,2023-05-17 07:02:04.884,2023-05-17 08:01:04.791,4639,NGC4639,115 356,mast:JWST/product/jw01995-o022_t021_niriss_clear-f115w_i2d.jpg,1995
2024-05-17,2023-05-16 22:46:28.121,2023-05-16 23:29:15.061,4449,NGC4449-MIRI,560 770,mast:JWST/product/jw01783-o010_t012_miri_f560w_i2d.jpg,1783
2024-05-17,2023-05-17 05:24:14.164,2023-05-17 06:39:03.260,4424,NGC4424,115,mast:JWST/product/jw01995-o012_t012_niriss_clear-f115w_i2d.jpg,1995
2024-05-15,2024-05-15 07:45:12.112,2024-05-15 09:16:52.386,3511,NGC3511, 150  187  300  335  770 2100,mast:JWST/product/jw03707-o042_t024_nircam_clear-f150w_i2d.jpg,3707
2024-05-13,2024-05-12 16:42:10.781,2024-05-12 18:09:10.800,3137,NGC3137, 150  187  300  335  770 2100,mast:JWST/product/jw03707-o036_t020_nircam_clear-f150w_i2d.jpg,3707
2024-05-13,2024-05-12 14:33:36.037,2024-05-12 16:01:03.768,3059,NGC3059, 150  187  300  335  770 2100,mast:JWST/product/jw03707-o034_t019_nircam_clear-f150w_i2d.jpg,3707
2024-05-13,2023-05-12 23:30:16.249,2023-05-13 03:09:27.502,0,IC5063,560,mast:JWST/product/jw02004-o003_t001_miri_f560w-brightsky_i2d.jpg,2004
2024-05-12,2023-04-26 08:38:21.793,2023-05-12 06:15:52.027,0,SERPENS-MAIN,140 210 480,mast:JWST/product/jw01611-o002_t004_nircam_clear-f140m_i2d.jpg,1611
2024-05-04,2024-05-04 05:37:30.555,2024-05-04 11:50:20.637,2997,NGC2997, 150  187  300  335  770 2100,mast:JWST/product/jw03707-o032_t018_nircam_clear-f150w_i2d.jpg,3707
2024-05-03,2024-04-23 11:04:25.433,2024-04-23 12:26:27.111,2525,NGC-2525, 90 150 277,mast:JWST/product/jw02875-o001_t001_niriss_clear-f090w_i2d.jpg,2875
2024-05-01,2024-05-01 04:47:46.403,2024-05-01 07:12:38.035,3368,NGC3368, 150  187  300  335  770 2100,mast:JWST/product/jw03707-o126_t023_nircam_clear-f150w_i2d.jpg,3707
2024-05-01,2024-04-30 19:24:53.380,2024-05-01 00:08:58.092,2903,NGC2903, 150  187  300  335  770 2100,mast:JWST/product/jw03707-o030_t017_nircam_clear-f150w_i2d.jpg,3707
2024-04-30,2024-04-30 00:17:34.235,2024-04-30 02:51:24.426,3521,NGC3521, 150  187  300  335  770 2100,mast:JWST/product/jw03707-o046_t026_nircam_clear-f150w_i2d.jpg,3707
2024-04-29,2024-04-29 05:56:57.077,2024-04-29 06:49:55.217,0,COSMOS_SN1,115 150 277 444,mast:JWST/product/jw06585-o012_t001_nircam_clear-f115w_i2d.jpg,6585
2024-04-28,2023-04-28 09:39:00.009,2023-04-28 10:10:29.867,0,CLOUDEF-CENTER, 770 2100,mast:JWST/product/jw02092-o008_t001_miri_f770w_i2d.jpg,2092
2024-04-28,2023-04-27 22:21:43.564,2023-04-27 23:26:53.596,2992,NGC-2992, 560 1000 1500 1800 2100,mast:JWST/product/jw02064-o003_t002_miri_f560w-sub256_i2d.jpg,2064
2024-04-27,2023-03-19 12:36:08.890,2023-03-19 15:35:16.979,0,CLOUDEF-CENTER, 162  210  360  480  770 2100,mast:JWST/product/jw02092-o002_t001_nircam_f150w2-f162m_i2d.jpg,2092
2024-04-26,2023-04-25 09:16:12.983,2023-04-25 12:52:18.754,602,NGC-602,115 140 150 210 277 335 356 480,mast:JWST/product/jw02662-o001_t001_nircam_clear-f115w_i2d.jpg,2662
2024-04-25,2023-04-15 15:08:19.262,2023-04-25 05:35:42.044,0,BRICK-IKP2016-G0.253+0.015, 187  212  410  444  466 2550,mast:JWST/product/jw02221-o002_t001_nircam_clear-f187n_i2d.jpg,2221
2024-04-25,2024-04-25 10:20:08.574,2024-04-25 11:48:00.625,3507,NGC3507, 150  187  300  335  770 2100,mast:JWST/product/jw03707-o044_t025_nircam_clear-f150w_i2d.jpg,3707
2024-04-24,2024-04-24 11:01:18.032,2024-04-24 12:46:28.610,3344,NGC3344, 770 2100,mast:JWST/product/jw03707-o123_t022_miri_f770w_i2d.jpg,3707
2024-04-24,2024-04-24 10:13:11.891,2024-04-24 10:37:10.665,3239,NGC3239, 150  187  300  335  770 2100,mast:JWST/product/jw03707-o038_t021_nircam_clear-f150w_i2d.jpg,3707
2024-04-22,2023-04-21 03:25:46.273,2023-04-25 02:24:19.367,0,LDN-663, 70  90 115 150 200 277 356 444,mast:JWST/product/jw01187-o011_t001_nircam_clear-f070w_i2d.jpg,1187
2024-04-22,2023-04-19 07:19:41.801,2023-04-19 08:59:38.334,0,SN-2010JL, 560  770 1000,mast:JWST/product/jw01860-o005_t004_miri_f560w_i2d.jpg,1860
2024-04-22,2023-04-20 04:04:17.858,2023-04-20 05:41:53.353,0,SN-2005IP, 560  770 1000,mast:JWST/product/jw01860-o003_t002_miri_f560w_i2d.jpg,1860
2024-04-21,2024-04-21 16:16:07.583,2024-04-21 17:51:02.161,2775,NGC2775, 150  187  300  335  770 2100,mast:JWST/product/jw03707-o028_t016_nircam_clear-f150w_i2d.jpg,3707
2024-04-19,2023-04-18 21:30:34.493,2023-04-18 22:45:22.882,3972,NGC3972,115 356,mast:JWST/product/jw01995-o017_t017_niriss_clear-f115w_i2d.jpg,1995
2024-04-19,2023-04-18 23:19:11.680,2023-04-19 00:36:03.772,3031,M-81, 90 115 150 277 356 444,mast:JWST/product/jw01638-o003_t003_niriss_clear-f090w_i2d.jpg,1638
2024-04-19,2023-04-18 13:20:33.991,2023-04-18 15:40:56.475,0,LDN-483, 560  770 1000,mast:JWST/product/jw02151-o003_t003_miri_f560w_i2d.jpg,2151
2024-04-16,2023-04-16 00:51:34.260,2023-04-16 21:06:03.909,0,LDN-663, 70  90 300 356,mast:JWST/product/jw01187-o012_t001_nircam_clear-f070w_i2d.jpg,1187
2024-04-15,2024-04-12 06:34:35.238,2024-04-12 07:15:36.766,0,SN2023dbc, 770 1000 1500 2100,mast:JWST/product/jw03921-o039_t041_miri_f770w_i2d.jpg,3921
2024-04-13,2023-04-13 06:03:43.153,2023-04-18 12:44:40.997,0,SGRA,210 480,mast:JWST/product/jw02235-o001_t001_nircam_clear-f210m-sub640_i2d.jpg,2235
2024-04-13,2023-04-12 11:15:11.692,2023-04-12 22:32:40.997,0,LEO-P,150,mast:JWST/product/jw01617-o001_t001_nircam_clear-f150w_i2d.jpg,1617
2024-04-13,2023-04-08 06:07:03.734,2023-04-09 00:51:44.075,0,LEO-P, 90 277,mast:JWST/product/jw01617-o001_t001_nircam_clear-f090w_i2d.jpg,1617
2024-04-11,2024-04-10 10:21:06.312,2024-04-10 12:49:06.935,2566,NGC2566, 150  200  300  335  770 2100,mast:JWST/product/jw03707-o026_t015_nircam_clear-f150w_i2d.jpg,3707
2024-04-10,2024-04-10 06:23:52.819,2024-04-10 07:05:10.987,0,SN2017gkp, 770 1000 1500 2100,mast:JWST/product/jw03921-o020_t021_miri_f770w_i2d.jpg,3921
2024-04-10,2023-04-09 20:36:28.274,2023-04-09 22:42:28.798,6121,M-4,150 322,mast:JWST/product/jw01979-o002_t002_niriss_clear-f150w_i2d.jpg,1979
2024-04-10,2023-04-10 02:15:09.672,2023-04-10 02:24:57.521,6121,M-4-shift,150 322,mast:JWST/product/jw01979-o003_t003_niriss_clear-f150w_i2d.jpg,1979
2024-04-09,2024-04-08 21:52:42.150,2024-04-08 22:34:08.637,0,SN2017gci, 770 1000 1500 2100,mast:JWST/product/jw03921-o019_t020_miri_f770w_i2d.jpg,3921
2024-04-05,2023-04-04 10:03:44.836,2023-04-05 05:51:21.195,0,CL-WESTERLUND-1, 770 1000 1130,mast:JWST/product/jw01905-o002_t001_miri_f770w_i2d.jpg,1905
2024-04-05,2023-03-31 05:23:01.002,2023-04-05 10:15:09.467,0,CL-WESTERLUND-1,115 150 164 187 200 212 277 323 444 466,mast:JWST/product/jw01905-o001_t001_nircam_clear-f115w_i2d.jpg,1905
2024-04-03,2024-04-03 16:37:03.204,2024-04-03 21:01:48.237,0,IR07251, 560  770 1500,mast:JWST/product/jw03368-c1001_t003_miri_f560w-brightsky_i2d.jpg,3368
2024-04-03,2024-04-02 16:34:40.411,2024-04-02 17:17:05.202,0,SN2014bi, 770 1000 1500 2100,mast:JWST/product/jw03921-o012_t013_miri_f770w_i2d.jpg,3921
2024-04-03,2023-04-01 19:31:39.661,2023-04-01 20:43:21.056,3031,M-81-MIRI, 560  770 1130,mast:JWST/product/jw02016-o017_t017_miri_f560w_i2d.jpg,2016
2024-03-29,2023-03-28 14:47:06.343,2023-03-28 17:26:32.097,0,CLOUDEF-REFERENCE, 770 2100,mast:JWST/product/jw02092-o006_t002_miri_f770w_i2d.jpg,2092
2024-03-24,2023-03-23 13:07:13.029,2023-03-23 14:29:10.505,0,ARP220-INT-MIRI, 560  770 1130,mast:JWST/product/jw01267-o003_t002_miri_f560w_i2d.jpg,1267
2024-03-24,2023-03-24 04:23:47.297,2023-03-24 05:36:32.500,4258,NGC-4258-MIRI, 560  770 1130,mast:JWST/product/jw02016-o008_t008_miri_f560w_i2d.jpg,2016
2024-03-21,2023-03-21 03:28:34.123,2023-03-21 06:20:58.694,0,HH-111-IRS, 560  770 1130,mast:JWST/product/jw01293-o001_t001_miri_f560w_i2d.jpg,1293
2024-03-20,2023-03-20 07:15:37.428,2023-03-20 08:12:31.864,0,CLOUDEF-REFERENCE,162 210 360 480,mast:JWST/product/jw02092-o005_t002_nircam_f150w2-f162m_i2d.jpg,2092
2024-03-20,2023-03-19 17:09:26.998,2023-03-19 18:59:51.143,0,CENA-NUC, 560  770 1130,mast:JWST/product/jw01269-o002_t001_miri_f560w_i2d.jpg,1269
2024-03-20,2023-03-19 19:17:45.102,2023-03-19 19:49:31.620,0,CENA-BACKGR, 560  770 1130,mast:JWST/product/jw01269-o003_t002_miri_f560w_i2d.jpg,1269
2024-03-17,2023-03-17 17:25:59.833,2023-03-17 18:17:10.638,0,GALCEN,212 444,mast:JWST/product/jw01939-o003_t001_nircam_clear-f212n_i2d.jpg,1939
2024-03-17,2023-03-17 02:02:10.366,2023-03-17 03:24:16.226,0,CRAB-NEBULA-FIL1, 770 1500 2550,mast:JWST/product/jw01714-o004_t002_miri_f770w_i2d.jpg,1714
2024-03-17,2023-03-17 03:44:42.808,2023-03-17 05:06:43.036,0,CRAB-NEBULA-FIL2, 770 1500 2550,mast:JWST/product/jw01714-o005_t003_miri_f770w_i2d.jpg,1714
2024-03-16,2024-03-16 08:45:16.069,2024-03-16 09:26:31.484,0,SN2019esa, 770 1000 1500 2100,mast:JWST/product/jw03921-o025_t026_miri_f770w_i2d.jpg,3921
2024-03-16,2024-03-15 15:43:41.728,2024-03-15 16:24:43.192,0,SN2023ixf, 770 1000 1500 2100,mast:JWST/product/jw03921-o040_t042_miri_f770w_i2d.jpg,3921
2024-03-16,2024-03-16 06:36:27.436,2024-03-16 07:17:53.924,0,SN2006bc, 770 1000 1500 2100,mast:JWST/product/jw03921-o006_t007_miri_f770w_i2d.jpg,3921
2024-03-15,2023-03-15 19:30:11.070,2023-03-15 20:07:19.448,0,HH26IRS-THERM,560,mast:JWST/product/jw01854-o002_t002_miri_f560w_i2d.jpg,1854
2024-03-15,2024-03-15 02:27:47.731,2024-03-15 03:08:43.691,0,SN2018hna, 770 1000 1500 2100,mast:JWST/product/jw03921-o024_t025_miri_f770w_i2d.jpg,3921
2024-03-14,2023-03-13 21:38:19.628,2023-03-14 01:19:47.643,5728,NGC5728, 560 1000 1500,mast:JWST/product/jw01670-o004_t003_miri_f560w-sub256_i2d.jpg,1670
2024-03-14,2023-03-14 12:59:35.081,2023-03-14 15:27:05.789,6397,NGC-6397,150 322,mast:JWST/product/jw01979-o001_t001_niriss_clear-f150w_i2d.jpg,1979
2024-03-10,2024-03-10 18:13:52.726,2024-03-10 19:00:02.921,0,IR07251,150 200 277 356,mast:JWST/product/jw03368-o108_t003_nircam_clear-f150w_i2d.jpg,3368
2024-03-09,2023-03-09 08:35:18.620,2023-03-09 09:00:18.018,0,RM312, 90 150 277 444,mast:JWST/product/jw02057-o007_t004_nircam_clear-f090w-sub640_i2d.jpg,2057
2024-03-07,2024-03-07 13:42:42.443,2024-03-07 14:24:03.426,0,SN2019oys, 770 1000 1500 2100,mast:JWST/product/jw03921-o026_t027_miri_f770w_i2d.jpg,3921
2024-03-06,2023-03-06 03:40:13.212,2023-03-06 07:00:06.594,5236,NGC5236-NIRCAM,115 187 200 300 335 444,mast:JWST/product/jw01783-o001_t001_nircam_clear-f115w_i2d.jpg,1783
2024-03-06,2023-03-06 00:24:30.668,2023-03-06 02:26:42.514,5236,NGC5236-MIRI,560 770,mast:JWST/product/jw01783-o002_t010_miri_f560w_i2d.jpg,1783
2024-03-06,2023-03-03 12:45:56.185,2023-03-03 22:03:46.766,0,HH46IRS-MIRI,560,mast:JWST/product/jw01706-o001_t001_miri_f560w-brightsky_i2d.jpg,1706
2024-03-03,2023-03-03 07:56:09.796,2023-03-03 08:58:07.572,5728,NGC-5728, 560 1000 1500 1800 2100,mast:JWST/product/jw02064-o063_t007_miri_f560w-sub256_i2d.jpg,2064
2024-03-02,2023-03-02 03:11:41.097,2023-03-02 04:14:08.185,5135,NGC-5135, 560 1000 1500 1800 2100,mast:JWST/product/jw02064-o061_t006_miri_f560w-sub256_i2d.jpg,2064
2024-03-01,2023-03-01 08:55:30.018,2023-03-01 18:50:05.530,2024,NGC-2024, 70 115 140 182 356 360 430 444,mast:JWST/product/jw01190-c1001_t001_nircam_clear-f070w_i2d.jpg,1190
2024-02-29,2024-02-28 08:51:52.835,2024-02-28 09:20:55.591,0,SNAP-2, 560  770 1000,mast:JWST/product/jw04498-o005_t002_miri_f560w_i2d.jpg,4498
2024-02-24,2023-02-24 00:50:42.971,2023-02-24 12:44:56.177,0,CRAB-NEBULA, 560 1130 1800 2100,mast:JWST/product/jw01714-c1002_t001_miri_f560w_i2d.jpg,1714
2024-02-22,2023-02-21 21:05:52.950,2023-02-21 22:16:44.817,5584,N5584, 90 150 277,mast:JWST/product/jw01685-o010_t005_nircam_clear-f090w_i2d.jpg,1685
2024-02-13,2024-02-13 13:47:21.859,2024-02-13 14:28:20.634,0,SN1993J, 770 1000 1500 2100,mast:JWST/product/jw03921-o002_t003_miri_f770w_i2d.jpg,3921
2024-02-09,2024-02-09 06:22:12.156,2024-02-09 09:48:51.304,0,ASASSN--21qj,770,mast:JWST/product/jw06550-o002_t001_miri_f770w_i2d.jpg,6550
2024-02-08,2023-02-08 08:22:21.595,2023-02-08 09:21:04.719,4536,NGC4536,115 444,mast:JWST/product/jw01995-o021_t020_nircam_clear-f115w_i2d.jpg,1995
2024-02-08,2024-02-08 11:39:18.142,2024-02-08 13:07:10.449,2283,NGC2283, 150  187  300  335  770 2100,mast:JWST/product/jw03707-o024_t014_nircam_clear-f150w_i2d.jpg,3707
2024-02-06,2024-02-06 17:21:19.938,2024-02-06 18:13:25.028,4303,NGC-4303-TILE-1, 200  300  335  360  770 1000 1130 2100,mast:JWST/product/jw02107-o044_t020_nircam_clear-f200w_i2d.jpg,2107
2024-02-05,2024-02-05 15:12:01.043,2024-02-05 16:40:32.582,1637,NGC1637, 150  187  300  335  770 2100,mast:JWST/product/jw03707-o016_t009_nircam_clear-f150w_i2d.jpg,3707
2024-01-31,2023-01-30 17:46:17.026,2023-02-21 22:16:44.817,5584,N5584, 90 150 277,mast:JWST/product/jw01685-o009_t005_nircam_clear-f090w_i2d.jpg,1685
2024-01-31,2023-01-30 16:01:43.664,2023-01-30 17:00:28.452,4258,NGC4258-HALO,115 444,mast:JWST/product/jw01995-o003_t003_nircam_clear-f115w_i2d.jpg,1995
2024-01-30,2023-01-30 02:02:02.573,2023-01-30 04:33:55.995,0,HORSEHEAD-FILAMENT, 560  770 1000,mast:JWST/product/jw01192-o010_t002_miri_f560w_i2d.jpg,1192
2024-01-30,2023-01-30 05:36:55.684,2023-01-30 10:26:44.487,0,HORSEHEAD-FILAMENT-IMAGING,"  70   90  140  164  187  210  212  250  300  323  335  430  444  470
  560  770 1000 1130 1280 1500 1800 2100 2550",mast:JWST/product/jw01192-o015_t015_nircam_clear-f070w_i2d.jpg,1192
2024-01-28,2024-01-27 22:47:21.910,2024-01-28 00:04:05.995,598,NGC0598NIRCAM,210 430,mast:JWST/product/jw02130-o020_t008_nircam_clear-f210m_i2d.jpg,2130
2024-01-22,2023-01-15 13:56:00.910,2023-01-22 04:16:59.444,628,NGC628-NIRCAM,150 187 277 335 444,mast:JWST/product/jw01783-o904_t008_nircam_clear-f150w_i2d.jpg,1783
2024-01-22,2023-01-22 04:27:28.072,2023-01-22 05:35:00.335,628,NGC628-NIRCAM,200 444,mast:JWST/product/jw01783-o904_t008_nircam_clear-f200w_i2d.jpg,1783
2024-01-21,2024-01-21 09:41:00.214,2024-01-21 11:49:32.244,628,NGC628,1000,mast:JWST/product/jw04486-o002_t002_miri_f1000w_i2d.jpg,4486
2024-01-18,2023-01-10 22:29:37.582,2023-01-17 15:34:30.106,6341,MESSIER-101,200 212 300 335 360,mast:JWST/product/jw02452-o002_t002_nircam_clear-f200w_i2d.jpg,2452
2024-01-17,2024-01-17 16:38:26.889,2024-01-17 18:51:25.305,1792,NGC1792, 150  187  300  335  770 2100,mast:JWST/product/jw03707-o020_t011_nircam_clear-f150w_i2d.jpg,3707
2024-01-16,2023-01-15 08:34:51.892,2023-01-15 12:36:17.945,628,NGC628-MIRI,560 770,mast:JWST/product/jw01783-o908_t016_miri_f560w_i2d.jpg,1783
2024-01-10,2024-01-09 13:23:51.915,2024-01-09 14:52:56.798,1808,NGC1808, 150  187  300  335  770 2100,mast:JWST/product/jw03707-o122_t012_nircam_clear-f150w_i2d.jpg,3707
2024-01-10,2024-01-10 12:21:18.846,2024-01-10 13:13:21.952,4321,NGC-4321, 200  300  335  360  770 1000 1130 2100,mast:JWST/product/jw02107-o043_t014_nircam_clear-f200w_i2d.jpg,2107
2024-01-09,2023-01-06 11:25:44.485,2023-01-09 00:18:53.178,224,M31-NIRCAM-PREIMAGING,150 277,mast:JWST/product/jw02609-o011_t006_nircam_clear-f150w_i2d.jpg,2609
2024-01-08,2024-01-08 03:12:19.108,2024-01-08 04:40:53.462,1068,NGC1068, 150  187  300  335  770 2100,mast:JWST/product/jw03707-o128_t002_nircam_clear-f150w_i2d.jpg,3707
2023-12-27,2023-12-27 09:35:11.794,2023-12-27 12:26:58.400,1097,NGC1097, 150  187  300  335  770 2100,mast:JWST/product/jw03707-o004_t003_nircam_clear-f150w_i2d.jpg,3707
2023-12-27,2023-12-27 07:56:26.999,2023-12-27 08:55:33.548,2090,NGC2090, 150  187  300  335  770 2100,mast:JWST/product/jw03707-o022_t013_nircam_clear-f150w_i2d.jpg,3707
2023-12-23,2022-12-23 07:42:28.660,2022-12-23 09:23:05.349,891,NGC891-EXTRAPLANAR, 70 277 770,mast:JWST/product/jw02180-o010_t004_nircam_clear-f070w_i2d.jpg,2180
2023-12-10,2023-12-09 11:15:10.917,2023-12-09 17:34:32.276,1300,2022ACKO, 560  770 1000,mast:JWST/product/jw02122-o003_t002_miri_f560w_i2d.jpg,2122
2023-12-08,2022-11-26 12:47:39.887,2022-11-26 13:51:47.583,3227,NGC-3227, 560 1000 1500 1800 2100,mast:JWST/product/jw02064-o007_t004_miri_f560w-sub256_i2d.jpg,2064
2023-12-06,2023-12-04 16:19:46.356,2023-12-04 16:34:16.098,253,NGC-253-IM-CENTER,212 335,mast:JWST/product/jw01701-o057_t021_nircam_clear-f212n_i2d.jpg,1701
2023-11-26,2023-11-25 21:44:05.775,2023-11-25 23:16:19.330,1511,NGC1511, 150  187  300  335  770 2100,mast:JWST/product/jw03707-o010_t006_nircam_clear-f150w_i2d.jpg,3707
2023-11-21,2022-11-21 06:33:22.613,2022-11-21 07:24:12.456,0,CASSIOPEIA-A-KNOT1, 560  770 1500,mast:JWST/product/jw01947-c1005_t002_miri_f560w_i2d.jpg,1947
2023-11-21,2022-11-21 07:40:54.257,2022-11-21 08:31:24.708,0,CASSIOPEIA-A-KNOT2, 560  770 1500,mast:JWST/product/jw01947-c1007_t008_miri_f560w_i2d.jpg,1947
2023-11-21,2022-11-21 08:44:38.381,2022-11-21 09:35:19.904,0,CASSIOPEIA-A-KNOT3, 560  770 1500,mast:JWST/product/jw01947-o006_t009_miri_f560w_i2d.jpg,1947
2023-11-16,2022-11-16 12:54:42.966,2022-11-16 14:11:41.330,253,NGC-253, 90 115 150 277 356 444,mast:JWST/product/jw01638-o004_t004_niriss_clear-f090w_i2d.jpg,1638
2023-11-08,2022-11-07 12:19:28.572,2022-11-07 16:04:49.867,0,HH212-POS1,164 210 335 460 466 470,mast:JWST/product/jw01258-o001_t002_nircam_f150w2-f164n_i2d.jpg,1258
2023-11-08,2022-11-07 16:17:45.646,2022-11-07 20:00:23.805,0,HH212-POS2,164 210 212 335 460 466,mast:JWST/product/jw01258-o002_t003_nircam_f150w2-f164n_i2d.jpg,1258
2023-11-07,2022-11-05 21:49:06.936,2022-11-06 22:55:44.395,0,CASSIOPEIA-A-CENTER,162 356 444,mast:JWST/product/jw01947-o013_t001_nircam_f150w2-f162m_i2d.jpg,1947
2023-11-07,2022-11-05 19:58:37.533,2022-11-05 21:13:16.709,7250,NGC7250,115 444,mast:JWST/product/jw01995-o014_t014_niriss_clear-f115w_i2d.jpg,1995
2023-11-06,2023-11-04 13:32:51.654,2023-11-05 05:40:24.115,253,NGC-0253, 770 2100,mast:JWST/product/jw02987-o003_t001_miri_f770w_i2d.jpg,2987
2023-11-04,2022-11-04 07:04:00.231,2022-11-04 08:06:03.064,7172,NGC-7172, 560 1000 1500 1800 2100,mast:JWST/product/jw02064-c1021_t008_miri_f560w-sub256_i2d.jpg,2064
2023-11-01,2022-10-31 21:09:49.447,2022-10-31 23:33:35.335,0,CRAB-NEBULA-NIRCAM,162 480,mast:JWST/product/jw01714-o006_t005_nircam_f150w2-f162m_i2d.jpg,1714
2023-10-31,2023-09-22 03:04:53.304,2023-09-22 07:30:33.637,0,SGRA,210 480,mast:JWST/product/jw02235-o005_t001_nircam_clear-f210m-sub640_i2d.jpg,2235
2023-10-28,2023-10-28 19:51:31.862,2023-10-28 20:28:51.982,300,NGC0300NIRCAM,200 444,mast:JWST/product/jw02130-o011_t009_nircam_clear-f200w_i2d.jpg,2130
2023-10-26,2022-10-26 07:36:34.753,2022-10-26 08:50:54.296,0,LDN-694, 90 356,mast:JWST/product/jw01187-o073_t002_nircam_clear-f090w_i2d.jpg,1187
2023-10-26,2022-10-26 00:54:59.708,2022-10-26 02:01:16.400,0,CASSIOPEIA-A-1-RETURN, 560  770 1000 1130 1280 1800 2100 2550,mast:JWST/product/jw01947-o015_t012_miri_f560w_i2d.jpg,1947
2023-10-26,2022-10-26 03:32:26.163,2022-10-26 04:38:53.991,0,CASSIOPEIA-A-3-RETURN, 560  770 1000 1130 1280 1800 2100 2550,mast:JWST/product/jw01947-o017_t014_miri_f560w_i2d.jpg,1947
2023-10-26,2022-10-26 02:14:57.848,2022-10-26 03:20:44.012,0,CASSIOPEIA-A-2-RETURN, 560  770 1000 1130 1280 1800 2100 2550,mast:JWST/product/jw01947-o016_t013_miri_f560w_i2d.jpg,1947
2023-10-25,2022-10-24 21:36:17.049,2022-10-25 00:00:29.836,0,HH110BOW,212 460 560,mast:JWST/product/jw01293-o003_t003_nircam_clear-f212n_i2d.jpg,1293
2023-10-20,2023-10-20 01:29:08.950,2023-10-20 01:45:04.595,7793,NGC7793NIRCAM,200 444,mast:JWST/product/jw02130-o007_t007_nircam_clear-f200w_i2d.jpg,2130
2023-10-19,2022-10-18 00:35:36.267,2022-10-18 01:38:41.533,3034,M-82-IM-CENTER,140 164 212 250 335 360,mast:JWST/product/jw01701-o052_t007_nircam_clear-f140m-sub640_i2d.jpg,1701
2023-10-17,2022-10-16 12:55:14.814,2022-10-16 14:11:06.297,300,NGC-300, 90 115 150 277 356 444,mast:JWST/product/jw01638-o002_t002_niriss_clear-f090w_i2d.jpg,1638
2023-10-11,2022-10-10 12:48:26.331,2022-10-10 14:02:05.676,346,NGC-346-TILE-6,"  90  115  150  187  200  277  335  356  444  480  770 1000 1130 1500
 2100",mast:JWST/product/jw01227-o017_t018_nircam_clear-f090w_i2d.jpg,1227
2023-10-11,2022-10-10 05:13:01.254,2022-10-10 12:35:30.673,346,NGC-346, 770 1000 1130 1500 2100,mast:JWST/product/jw01227-o001_t005_miri_f770w_i2d.jpg,1227
2023-10-11,2023-10-11 08:51:11.301,2023-10-11 09:52:41.081,1546,NGC1546, 150  187  300  335  770 2100,mast:JWST/product/jw03707-o012_t007_nircam_clear-f150w_i2d.jpg,3707
2023-10-05,2023-10-05 07:17:41.745,2023-10-05 08:23:34.757,1809,NGC1809, 150  187  300  335  770 2100,mast:JWST/product/jw03707-o018_t010_nircam_clear-f150w_i2d.jpg,3707
2023-10-04,2023-10-04 14:53:52.490,2023-10-04 15:54:58.463,0,IC5273, 150  187  300  335  770 2100,mast:JWST/product/jw03707-o118_t054_nircam_clear-f150w_i2d.jpg,3707
2023-10-04,2023-10-04 16:23:27.909,2023-10-04 17:23:35.514,7456,NGC7456, 150  187  300  335  770 2100,mast:JWST/product/jw03707-o120_t055_nircam_clear-f150w_i2d.jpg,3707
2023-10-03,2022-10-03 02:29:54.311,2022-10-03 03:47:15.843,2403,NGC-2403, 90 115 150 277 356 444,mast:JWST/product/jw01638-o001_t001_niriss_clear-f090w_i2d.jpg,1638
2023-10-03,2022-09-26 14:18:39.522,2022-10-02 00:13:06.216,1976,TRAPEZIUM-CLUSTER-P1,115 140 162 187 212 300 335 444 470,mast:JWST/product/jw01256-o002_t001_nircam_clear-f115w_i2d.jpg,1256
2023-09-27,2023-03-25 14:39:40.611,2023-03-27 06:32:54.955,4258,M-106,162 164 182 187 210 212 300 335 360 430 444 466,mast:JWST/product/jw02080-o001_t001_nircam_f150w2-f162m_i2d.jpg,2080
2023-09-22,2022-09-20 18:48:38.465,2022-09-20 20:27:53.825,6946,SN-2004ET, 560 1000 1130 1280 1500 1800 2100 2550,mast:JWST/product/jw02666-o001_t001_miri_f560w_i2d.jpg,2666
2023-09-21,2022-09-20 21:08:05.433,2022-09-20 22:47:54.073,6946,SN-2017EAW, 560 1000 1130 1280 1500 1800 2100 2550,mast:JWST/product/jw02666-o003_t005_miri_f560w_i2d.jpg,2666
2023-09-20,2022-09-14 17:14:04.625,2022-09-20 00:27:24.591,0,BRICK,200 444,mast:JWST/product/jw01182-o004_t003_nircam_clear-f200w_i2d.jpg,1182
2023-09-20,2022-09-20 01:03:33.924,2022-09-20 03:51:46.659,0,SNAKE-FIELD-2,115 356 444,mast:JWST/product/jw01182-o002_t004_nircam_clear-f115w_i2d.jpg,1182
2023-09-20,2022-09-20 08:08:18.135,2022-09-23 08:27:26.014,0,LDN-694, 70  90 115 150 200 277 356 444,mast:JWST/product/jw01187-o021_t002_nircam_clear-f070w_i2d.jpg,1187
2023-09-19,2022-09-19 14:20:28.770,2023-03-17 18:17:10.638,0,GALCEN,115 212 323 444,mast:JWST/product/jw01939-o001_t001_nircam_clear-f115w_i2d.jpg,1939
2023-09-17,2022-09-14 21:59:33.948,2022-09-15 18:02:55.471,104,NGC-104,150 322,mast:JWST/product/jw02559-o001_t001_nircam_clear-f150w2_i2d.jpg,2559
2023-09-16,2022-09-04 09:26:01.460,2022-09-15 21:37:05.827,6822,NGC-6822-MIRI-TILE-2-COPY, 140  335  444 2100,mast:JWST/product/jw01234-c1003_t005_nircam_clear-f140m_i2d.jpg,1234
2023-09-16,2022-09-15 19:41:51.216,2022-09-15 21:38:32.419,6822,NGC-6822-MIRI-TILE-2-COPY, 115  140  150  200  277  335  356  444  770 1000 1500 2100,mast:JWST/product/jw01234-c1003_t005_nircam_clear-f115w_i2d.jpg,1234
2023-09-14,2022-09-14 04:37:39.755,2022-09-16 05:54:33.734,0,LDN-694, 70  90 300 356,mast:JWST/product/jw01187-o022_t002_nircam_clear-f070w_i2d.jpg,1187
2023-09-14,2022-09-14 01:57:06.076,2022-09-14 03:16:35.596,0,CL-WESTERLUND-CF, 115  277  770 1000 1130,mast:JWST/product/jw01905-o003_t002_nircam_clear-f115w_i2d.jpg,1905
2023-09-14,2023-09-14 04:10:12.432,2023-09-14 06:10:16.577,1559,NGC1559, 150  187  300  335  770 2100,mast:JWST/product/jw03707-o014_t008_nircam_clear-f150w_i2d.jpg,3707
2023-09-05,2022-09-05 02:10:36.745,2022-09-05 03:59:42.749,6822,NGC-6822-NIRCAM-TILE-1, 115  200  356  444 1000 1500,mast:JWST/product/jw01234-o010_t006_nircam_clear-f115w_i2d.jpg,1234
2023-09-05,2022-09-05 00:09:37.742,2022-09-05 01:57:21.700,6822,NGC-6822-NIRCAM,115 200 356 444,mast:JWST/product/jw01234-o006_t003_nircam_clear-f115w_i2d.jpg,1234
2023-09-05,2022-09-05 09:06:12.639,2022-09-05 09:53:11.752,224,PREIMAGING+BRICK13,115 250,mast:JWST/product/jw02301-o002_t200_nircam_clear-f115w_i2d.jpg,2301
2023-09-05,2022-09-04 09:26:01.460,2022-09-05 06:11:20.469,6822,NGC-6822-MIRI, 770 1000 1500 2100,mast:JWST/product/jw01234-o007_t002_miri_f770w_i2d.jpg,1234
2023-09-04,2022-09-01 18:16:15.246,2022-09-02 14:28:49.345,0,SN-1987A,150 164 200 212 323 356 444,mast:JWST/product/jw01726-o001_t001_nircam_clear-f150w-sub320_i2d.jpg,1726
2023-09-02,2022-08-27 02:44:08.627,2022-08-27 05:33:04.243,0,SNAKE-FIELD-1,200 356 444,mast:JWST/product/jw01182-o001_t001_nircam_clear-f200w_i2d.jpg,1182
2023-08-29,2022-08-28 19:14:59.530,2022-08-28 21:13:25.727,0,IC348-MOSAIC,140 162 182 277 360 444,mast:JWST/product/jw01229-o001_t001_nircam_clear-f140m_i2d.jpg,1229
2023-08-28,2022-08-28 12:01:37.275,2022-08-28 13:25:54.498,0,HH211NIRCAM,162 164 210 212 323 335 460 466 470,mast:JWST/product/jw01257-o003_t005_nircam_f150w2-f162m_i2d.jpg,1257
2023-08-28,2022-08-28 00:33:00.989,2022-08-28 02:29:48.969,0,BRICK-IKP2016-G0.253+0.015, 187  212  444  466 2550,mast:JWST/product/jw02221-o001_t001_nircam_clear-f187n_i2d.jpg,2221
2023-08-22,2023-08-22 07:43:47.644,2023-08-22 10:55:49.909,1300,2022ACKO, 560  770 1000,mast:JWST/product/jw02122-o002_t002_miri_f560w_i2d.jpg,2122
2023-08-22,2022-08-19 15:45:59.878,2022-08-19 16:14:57.812,224,M31-NIRCAM-PREIMAGING,150 277,mast:JWST/product/jw02609-o001_t006_nircam_clear-f150w_i2d.jpg,2609
2023-08-21,2022-08-18 19:10:29.079,2022-08-19 13:24:31.326,598,M-33,  90  200  335  444  560 2100,mast:JWST/product/jw02128-o001_t001_nircam_clear-f090w_i2d.jpg,2128
2023-08-21,2022-08-20 16:36:54.833,2022-08-20 19:52:16.819,6720,NGC6720, 560  770 1000 1130 1280 1500 1800 2100 2550,mast:JWST/product/jw01558-o001_t001_miri_f560w_i2d.jpg,1558
2023-08-18,2023-08-17 05:24:50.644,2023-08-17 10:54:29.562,598,NGC0598NIRCAM,210 430,mast:JWST/product/jw02130-o014_t008_nircam_clear-f210m_i2d.jpg,2130
2023-08-18,2023-08-18 08:09:17.752,2023-08-18 11:45:09.155,300,NGC0300MIRI,1000 2100,mast:JWST/product/jw02130-o005_t003_miri_f1000w_i2d.jpg,2130
2023-08-18,2022-08-17 08:29:30.520,2022-08-17 12:21:57.734,6440,PSRJ1748-2021B,277 444,mast:JWST/product/jw02204-o001_t001_nircam_clear-f277w_i2d.jpg,2204
2023-08-15,2022-08-15 02:21:02.517,2022-08-15 03:33:51.666,891,NGC891-DISK-NORTH1,150 277,mast:JWST/product/jw02180-o001_t002_nircam_clear-f150w-sub640_i2d.jpg,2180
2023-08-15,2022-08-14 19:24:26.853,2022-08-14 20:42:25.674,0,CASSIOPEIA-A-CENTER-IFU,1130 1500,mast:JWST/product/jw01947-o003_t011_miri_f1130w_i2d.jpg,1947
2023-08-15,2022-08-15 05:25:32.714,2022-08-15 06:39:01.607,891,NGC891-DISK-NORTH3,150 277,mast:JWST/product/jw02180-o003_t003_nircam_clear-f150w-sub640_i2d.jpg,2180
2023-08-15,2022-08-15 03:54:20.976,2022-08-15 05:08:03.821,891,NGC891-DISK-NORTH,150 277,mast:JWST/product/jw02180-o002_t001_nircam_clear-f150w-sub640_i2d.jpg,2180
2023-08-11,2022-08-10 23:49:11.245,2022-08-11 00:59:54.401,1052,NGC-1052-MIRI, 560  770 1130,mast:JWST/product/jw02016-o011_t011_miri_f560w_i2d.jpg,2016
2023-08-10,2022-08-10 09:27:17.658,2022-08-10 09:57:50.165,0,NAME-GAL-CENTER,158 182 360,mast:JWST/product/jw01306-o001_t001_niriss_clear-f158m_i2d.jpg,1306
2023-08-09,2022-08-04 13:09:12.376,2022-08-05 08:58:31.327,0,CASSIOPEIA-A-CENTER-MIRI, 560  770 1000 1130 1280 1800 2100 2550,mast:JWST/product/jw01947-o001_t010_miri_f560w_i2d.jpg,1947
2023-08-09,2023-08-09 03:40:52.703,2023-08-09 11:48:11.194,598,NGC0598MIRI,1000 2100,mast:JWST/product/jw02130-o003_t002_miri_f1000w_i2d.jpg,2130
2023-08-09,2023-08-09 13:11:38.224,2023-08-09 13:24:18.717,598,NGC0598MIRI-BRIGHT1,1000 2100,mast:JWST/product/jw02130-o012_t010_miri_f1000w-sub256_i2d.jpg,2130
2023-08-09,2023-08-09 13:51:17.101,2023-08-09 14:03:47.098,598,NGC0598MIRI-BRIGHT2,1000 2100,mast:JWST/product/jw02130-o013_t011_miri_f1000w-sub256_i2d.jpg,2130
2023-08-08,2023-05-24 10:13:23.334,2023-05-24 16:24:12.979,0,HH46,115 187 200 335 444,mast:JWST/product/jw04441-o096_t008_nircam_clear-f115w_i2d.jpg,4441
2023-08-04,2022-08-04 01:37:40.148,2022-08-04 02:20:58.582,6720,NGC6720,162 212 300 335,mast:JWST/product/jw01558-o005_t001_nircam_f150w2-f162m_i2d.jpg,1558
2023-08-01,2022-07-31 07:17:01.369,2022-07-31 17:38:28.242,0,LDN-57, 70  90 115 150 200 277 300 356 444,mast:JWST/product/jw01187-o032_t003_nircam_clear-f070w_i2d.jpg,1187
2023-07-26,2022-07-26 09:50:44.550,2022-07-26 11:08:24.371,346,NGC-346-SHORT, 90 115 182 187 277 356 430 444,mast:JWST/product/jw01227-o014_t025_nircam_clear-f090w_i2d.jpg,1227
2023-07-17,2023-07-17 07:11:01.728,2023-07-17 09:24:00.147,7793,NGC7793MIRI,1000 2100,mast:JWST/product/jw02130-o001_t001_miri_f1000w_i2d.jpg,2130
2023-07-16,2022-07-16 12:24:00.994,2022-07-16 17:22:37.969,0,SN-1987A, 115  140  150  200  277  335  356  444  560  770 1000 1800 2550,mast:JWST/product/jw01232-o001_t001_nircam_clear-f115w_i2d.jpg,1232
2023-07-16,2022-07-16 06:04:34.457,2022-07-16 07:48:11.314,3603,NGC3603-EMPT+TA+SPITZER,150 182 187 277 430 444,mast:JWST/product/jw01225-o001_t001_nircam_clear-f150w_i2d.jpg,1225
2023-07-16,2022-07-16 08:33:56.412,2022-07-16 11:39:13.253,346,NGC-346, 115  187  200  277  335  444  770 1000 1500,mast:JWST/product/jw01227-o002_t005_nircam_clear-f115w_i2d.jpg,1227
2023-07-14,2022-07-04 08:21:31.786,2022-07-04 09:31:02.749,4594,SOMBRERO-MIRI, 560  770 1130,mast:JWST/product/jw02016-o023_t023_miri_f560w_i2d.jpg,2016
2023-07-14,2022-07-04 14:01:28.853,2022-07-04 15:11:13.673,6720,NGC6720-MRS-POSITION-2, 770 1000 1130,mast:JWST/product/jw01558-o004_t006_miri_f770w_i2d.jpg,1558
2023-07-14,2022-07-11 09:56:16.693,2022-07-11 16:00:37.091,0,WESTERLUND2-DIST-CORE-FULL,115 140 162 182 187 210 300 335 360 444 466,mast:JWST/product/jw02640-o001_t003_nircam_clear-f115w_i2d.jpg,2640
2023-07-14,2022-07-04 11:06:16.735,2022-07-04 12:16:43.219,6720,NGC6720-MRS-POSITION-1, 770 1000 1130,mast:JWST/product/jw01558-o002_t004_miri_f770w_i2d.jpg,1558
2023-07-12,2023-04-06 10:12:04.109,2023-04-06 11:34:34.026,0,OPH-CORE-Tile-2,115 187 200 335 444 470,mast:JWST/product/jw02739-c1000_t009_nircam_clear-f115w_i2d.jpg,2739
2023-07-12,2023-07-11 19:52:42.213,2023-07-11 20:45:12.922,0,IC-5332, 200  300  335  360  770 1000 1130 2100,mast:JWST/product/jw02107-o042_t017_nircam_clear-f200w_i2d.jpg,2107
2023-07-12,2023-03-07 22:54:37.571,2023-03-08 03:59:42.676,0,OPH-CORE,115 187 200 444 470,mast:JWST/product/jw02739-o009_t007_nircam_clear-f115w_i2d.jpg,2739
2023-07-12,2023-04-05 06:26:12.358,2023-04-05 07:48:52.900,0,OPH-CORE-Tile-4,115 187 200 335 444 470,mast:JWST/product/jw02739-c1000_t008_nircam_clear-f115w_i2d.jpg,2739
2023-07-12,2023-04-05 02:57:16.883,2023-04-05 04:19:46.992,0,OPH-CORE,115 187 200 335 444 470,mast:JWST/product/jw02739-o010_t007_nircam_clear-f115w_i2d.jpg,2739
2023-06-30,2022-06-29 23:22:44.706,2022-06-30 00:25:15.058,5728,NGC-5728, 560 1000 1500 1800 2100,mast:JWST/product/jw02064-c1018_t007_miri_f560w-sub256_i2d.jpg,2064
2023-06-30,2022-06-30 02:17:24.248,2022-06-30 03:20:00.872,7172,NGC-7172, 560 1000 1500 1800 2100,mast:JWST/product/jw02064-o015_t008_miri_f560w-sub256_i2d.jpg,2064
2023-06-30,2022-07-02 14:38:52.612,2022-07-02 15:20:23.673,0,VV-191, 90 150 356 444,mast:JWST/product/jw01176-o341_t005_nircam_clear-f090w_i2d.jpg,1176
2023-06-29,2022-06-29 11:45:50.795,2022-06-29 12:48:34.395,5135,NGC-5135, 560 1000 1500 1800 2100,mast:JWST/product/jw02064-o011_t006_miri_f560w-sub256_i2d.jpg,2064
2023-06-25,2023-06-24 11:16:57.372,2023-06-24 13:05:52.759,5631,SN2022AAIQ, 560  770 1000,mast:JWST/product/jw02072-o011_t011_miri_f560w_i2d.jpg,2072
2023-06-25,2023-04-03 22:50:52.678,2023-04-03 23:45:13.444,5631,SN2022AAIQ, 560  770 1000,mast:JWST/product/jw02072-c1001_t011_miri_f560w_i2d.jpg,2072
2023-06-18,2023-06-18 03:39:56.222,2023-06-18 08:21:07.814,4254,NGC-4254, 200  300  335  360  770 1000 1130 2100,mast:JWST/product/jw02107-o030_t012_nircam_clear-f200w_i2d.jpg,2107
2023-05-19,2023-05-18 14:07:16.077,2023-05-18 19:43:00.562,3351,NGC-3351, 300  335  360  770 1000 1130 2100,mast:JWST/product/jw02107-o028_t010_nircam_clear-f300m_i2d.jpg,2107
2023-05-10,2023-05-09 13:19:32.317,2023-05-09 14:53:18.418,0,SNH0pe-2b, 90 150 200 277 356 444,mast:JWST/product/jw04446-o003_t009_nircam_clear-f090w_i2d.jpg,4446
2023-05-07,2023-05-07 03:07:19.364,2023-05-07 05:55:26.898,2835,NGC-2835, 200  300  335  360  770 1000 1130 2100,mast:JWST/product/jw02107-o027_t009_nircam_clear-f200w_i2d.jpg,2107
2023-04-23,2023-04-22 22:44:57.961,2023-05-09 14:53:18.418,0,SNH0pe-2b, 90 150 200 277 356 444,mast:JWST/product/jw04446-c1000_t009_nircam_clear-f090w_i2d.jpg,4446
2023-03-24,2023-03-23 23:31:17.508,2023-03-24 01:58:58.433,0,VV340A, 560  770 1500,mast:JWST/product/jw01717-o003_t007_miri_f560w_i2d.jpg,1717
2023-03-23,2023-03-23 08:13:14.444,2023-03-23 09:53:50.329,0,HH48B-MIRI,770,mast:JWST/product/jw01309-o009_t016_miri_f770w_i2d.jpg,1309
2023-03-01,2023-02-28 16:47:00.742,2023-02-28 22:48:11.496,5068,NGC-5068, 200  300  335  360  770 1000 1130 2100,mast:JWST/product/jw02107-o034_t016_nircam_clear-f200w_i2d.jpg,2107
2023-03-01,2022-09-01 08:10:52.677,2022-09-01 11:46:32.991,0,LDN-1527, 770 1280 1800,mast:JWST/product/jw02739-o006_t004_miri_f770w_i2d.jpg,2739
2023-02-09,2023-02-08 23:06:57.831,2023-02-09 02:52:34.770,1672,NGC-1672, 300  335  360  770 1000 1130 2100,mast:JWST/product/jw02107-o026_t008_nircam_clear-f300m_i2d.jpg,2107
2023-02-08,2023-02-08 03:14:27.309,2023-02-08 06:04:24.859,4535,NGC-4535, 200  300  335  360  770 1000 1130 2100,mast:JWST/product/jw02107-o033_t015_nircam_clear-f200w_i2d.jpg,2107
2023-02-06,2023-01-23 09:34:22.479,2023-01-23 10:51:11.944,0,HH-30-MIRI, 770 1280 2100,mast:JWST/product/jw02562-o006_t004_miri_f770w-brightsky_i2d.jpg,2562
2023-02-04,2023-02-04 04:53:20.216,2023-02-04 10:18:30.333,1512,NGC-1512, 200  300  335  360  770 1000 1130 2100,mast:JWST/product/jw02107-o024_t006_nircam_clear-f200w_i2d.jpg,2107
2023-02-01,2023-01-31 13:28:02.980,2023-01-31 19:05:02.408,4303,NGC-4303, 200  300  335  360  770 1000 1130 2100,mast:JWST/product/jw02107-o031_t013_nircam_clear-f200w_i2d.jpg,2107
2023-01-31,2023-01-30 20:09:58.493,2023-01-31 03:43:33.950,1976,ORIBAR-MIRI-IFU-H2, 770 1130 1500,mast:JWST/product/jw01288-o002_t010_miri_f770w_i2d.jpg,1288
2023-01-30,2023-01-29 16:52:12.127,2023-01-29 19:58:44.090,1300,2022ACKO, 560  770 1000,mast:JWST/product/jw02122-o001_t002_miri_f560w_i2d.jpg,2122
2023-01-26,2023-01-25 11:35:47.333,2023-01-25 14:18:35.699,1087,NGC-1087, 200  300  335  360  770 1000 1130 2100,mast:JWST/product/jw02107-o019_t001_nircam_clear-f200w_i2d.jpg,2107
2023-01-26,2023-01-25 14:51:20.441,2023-01-25 20:29:29.245,1300,NGC-1300, 200  300  335  360  770 1000 1130 2100,mast:JWST/product/jw02107-o020_t002_nircam_clear-f200w_i2d.jpg,2107
2023-01-20,2022-07-29 05:15:23.791,2022-07-29 09:59:34.122,628,NGC628-NIRCAM,115 187 200 277 335 444,mast:JWST/product/jw01783-o004_t008_nircam_clear-f115w_i2d.jpg,1783
2023-01-19,2023-01-19 02:50:45.394,2023-01-19 08:15:39.319,1433,NGC-1433, 300  335  360  770 1000 1130 2100,mast:JWST/product/jw02107-o023_t005_nircam_clear-f300m_i2d.jpg,2107
2023-01-17,2023-01-17 06:43:01.825,2023-01-17 11:42:27.879,4321,NGC-4321, 200  300  335  360  770 1000 1130 2100,mast:JWST/product/jw02107-o032_t014_nircam_clear-f200w_i2d.jpg,2107
2023-01-15,2023-01-13 11:42:47.021,2023-01-13 16:21:21.748,3627,NGC-3627, 200  300  335  360  770 1000 1130 2100,mast:JWST/product/jw02107-o029_t011_nircam_clear-f200w_i2d.jpg,2107
2023-01-14,2022-07-02 21:51:15.388,2022-07-04 22:18:27.376,0,IC-4553,  90  150  200  277  356  444  770 1130 1280 1500,mast:JWST/product/jw02739-o007_t005_nircam_clear-f090w_i2d.jpg,2739
2022-12-28,2022-12-27 21:51:39.888,2022-12-27 22:37:24.465,3256,NGC3256-NUC1-MRS, 560  770 1500,mast:JWST/product/jw01328-o008_t017_miri_f560w_i2d.jpg,1328
2022-12-28,2022-12-27 22:50:46.445,2022-12-27 23:36:19.949,3256,NGC3256-NUC2-MRS, 560  770 1500,mast:JWST/product/jw01328-o009_t018_miri_f560w_i2d.jpg,1328
2022-12-25,2022-12-25 15:53:53.244,2022-12-25 16:03:58.457,3256,NGC3256-NUC1,150 200 335 444,mast:JWST/product/jw01328-o028_t005_nircam_clear-f150w-sub160p_i2d.jpg,1328
2022-12-25,2022-12-25 16:17:38.940,2022-12-27 21:34:53.492,3256,NGC3256-CENTERED, 150  200  335  444  560  770 1500,mast:JWST/product/jw01328-o012_t019_nircam_clear-f150w_i2d.jpg,1328
2022-12-21,2022-12-20 15:07:46.637,2022-12-20 18:57:55.580,0,SN2021AFDX,1500 2100 2550,mast:JWST/product/jw02754-o001_t001_miri_f1500w_i2d.jpg,2754
2022-12-06,2022-12-06 03:12:01.385,2022-12-06 05:02:35.290,1385,NGC-1385, 200  300  335  360  770 1000 1130 2100,mast:JWST/product/jw02107-o022_t004_nircam_clear-f200w_i2d.jpg,2107
2022-11-22,2022-11-22 09:40:28.943,2022-11-22 15:25:15.123,1566,NGC-1566, 300  335  360  770 1000 1130 2100,mast:JWST/product/jw02107-o025_t007_nircam_clear-f300m_i2d.jpg,2107
2022-11-17,2022-09-08 01:35:10.030,2022-09-08 03:41:08.829,0,LDN-1527,115 187 200 335 444 470,mast:JWST/product/jw02739-o005_t004_nircam_clear-f115w_i2d.jpg,2739
2022-11-03,2022-11-03 04:47:02.322,2022-11-03 07:26:26.134,2506,NGC2506G31,115 444,mast:JWST/product/jw01493-o002_t002_nircam_clear-f115w_i2d.jpg,1493
2022-10-31,2022-08-30 14:11:56.328,2022-08-30 21:16:20.654,6611,M-16, 770 1130 1500,mast:JWST/product/jw02739-o002_t001_miri_f770w_i2d.jpg,2739
2022-10-19,2022-08-14 08:33:34.559,2022-09-02 22:30:05.349,6611,M-16, 90 187 444 470,mast:JWST/product/jw02739-o001_t001_nircam_clear-f090w_i2d.jpg,2739
2022-10-07,2022-09-10 17:36:35.794,2022-09-10 19:30:13.808,1976,ORIBAR-IMAGING-NIRCAM,140 162 164 182 187 210 212 277 300 335 444 470 480,mast:JWST/product/jw01288-o001_t011_nircam_clear-f140m_i2d.jpg,1288
2022-09-19,2022-09-18 16:36:38.059,2022-09-18 20:28:10.002,1976,ORIBAR-IMAGING-MIRI, 187  212  300  410  770 1130,mast:JWST/product/jw01288-o015_t012_nircam_clear-f187n_i2d.jpg,1288
2022-09-11,2022-09-11 08:31:54.651,2022-09-11 12:33:03.664,1976,ORIBAR-IMAGING-MIRI, 335  444 1500 2550,mast:JWST/product/jw01288-o016_t012_nircam_clear-f335m_i2d.jpg,1288
2022-09-06,2022-06-20 06:32:32.685,2022-06-20 07:46:38.400,2070,NGC-2070-S7B, 560  770 1000,mast:JWST/product/jw02729-o003_t002_miri_f560w_i2d.jpg,2729
2022-09-06,2022-06-02 21:47:54.331,2022-06-03 04:30:46.618,2070,NGC-2070,187 200 444 470,mast:JWST/product/jw02729-o001_t001_nircam_clear-f187n_i2d.jpg,2729
2022-09-06,2022-06-10 13:32:42.134,2022-06-10 18:07:09.612,2070,NGC-2070, 770 1000 1130 1800,mast:JWST/product/jw02729-o002_t001_miri_f770w_i2d.jpg,2729
2022-08-14,2022-08-13 13:21:52.712,2022-08-13 19:05:26.188,1365,NGC-1365, 200  300  335  360  770 1000 1130 2100,mast:JWST/product/jw02107-o021_t003_nircam_clear-f200w_i2d.jpg,2107
2022-08-04,2022-08-03 04:16:36.735,2022-08-03 04:27:42.499,5139,NGC-5139,212 470,mast:JWST/product/jw01478-o015_t003_nircam_clear-f212n_i2d.jpg,1478
2022-08-02,2022-06-12 03:08:46.446,2022-06-15 14:01:33.016,0,NAME-CARTWHEEL,  90  150  200  356  444  770 1000 1280 1800,mast:JWST/product/jw02727-o002_t062_nircam_clear-f090w_i2d.jpg,2727
2022-07-29,2022-07-29 10:38:59.666,2022-07-29 11:25:20.613,0,VV114-CENTERED,150 200 356 444,mast:JWST/product/jw01328-o024_t021_nircam_clear-f150w_i2d.jpg,1328
2022-07-27,2022-07-27 15:37:56.580,2022-07-27 17:43:00.475,0,WR140, 770 1500 2100,mast:JWST/product/jw01349-o058_t001_miri_f770w_i2d.jpg,1349
2022-07-19,2022-07-17 11:08:48.206,2022-07-17 16:07:43.605,628,NGC-628, 300  335  770 1000 1130 2100,mast:JWST/product/jw02107-o040_t018_nircam_clear-f300m_i2d.jpg,2107
2022-07-15,2022-07-15 12:21:18.182,2022-07-15 13:09:37.588,0,WR137,380 480,mast:JWST/product/jw01349-o006_t005_niriss_clearp-f380m-sub80_i2d.jpg,1349
2022-07-14,2022-07-02 00:50:07.936,2022-07-02 01:15:33.483,0,VV114-CENTERED, 560  770 1500,mast:JWST/product/jw01328-o022_t021_miri_f560w-brightsky_i2d.jpg,1328
2022-07-14,2022-06-20 23:15:26.970,2022-06-21 00:12:10.542,6341,M92, 90 150 277 444,mast:JWST/product/jw01334-o001_t001_nircam_clear-f090w_i2d.jpg,1334
2022-07-14,2022-05-13 20:02:16.032,2022-05-13 21:56:06.865,0,GALACTICPLANE2, 70 115 150 277,mast:JWST/product/jw01073-o006_t003_nircam_clear-f070w_i2d.jpg,1073
2022-07-14,2022-07-05 00:44:17.204,2022-07-05 01:40:56.740,0,VV114-NUC-MRS, 560  770 1500,mast:JWST/product/jw01328-o020_t023_miri_f560w_i2d.jpg,1328
2022-07-14,2022-07-02 01:25:57.614,2022-07-02 01:42:44.969,0,VV114-NUC, 560  770 1500,mast:JWST/product/jw01328-o025_t020_miri_f560w-sub128_i2d.jpg,1328
2022-07-14,2022-07-06 20:34:23.497,2022-07-06 22:04:51.644,0,IC-5332, 770 1000 1130 2100,mast:JWST/product/jw02107-o018_t017_miri_f770w_i2d.jpg,2107
2022-07-14,2022-07-04 06:15:21.301,2022-07-04 07:20:45.285,0,WR140MRSCAL, 560 1000 2100,mast:JWST/product/jw01349-o002_t004_miri_f560w_i2d.jpg,1349
2022-07-14,2022-06-04 17:39:19.541,2022-06-06 03:45:46.756,6543,NGC-6543, 770 1280,mast:JWST/product/jw01031-o012_t010_miri_f770w_i2d.jpg,1031
2022-07-14,2022-06-04 16:25:58.194,2022-06-04 17:00:33.986,6543,NGC-6543-OUTSKIRTS,770,mast:JWST/product/jw01031-o004_t015_miri_f770w_i2d.jpg,1031
2022-07-14,2022-05-07 12:40:18.549,2022-05-07 13:10:41.790,6552,NGC-6552,560,mast:JWST/product/jw01039-o005_t001_miri_f560w_i2d.jpg,1039
2022-07-14,2022-06-22 12:27:51.287,2022-06-22 12:50:45.350,7469,NGC-7469, 560  770 1500,mast:JWST/product/jw01328-o017_t010_miri_f560w-brightsky_i2d.jpg,1328
2022-07-14,2022-07-01 16:42:12.132,2022-07-04 03:32:56.122,7469,NGC-7469, 150  200  335  444  560  770 1500,mast:JWST/product/jw01328-o019_t010_nircam_clear-f150w_i2d.jpg,1328
2022-07-14,2022-07-04 03:48:44.278,2022-07-04 04:34:15.030,7469,NGC-7469-MRS, 560  770 1500,mast:JWST/product/jw01328-o015_t014_miri_f560w_i2d.jpg,1328
2022-07-14,2022-07-06 17:29:42.548,2022-07-06 20:09:08.675,7496,NGC-7496, 200  300  335  360  770 1000 1130 2100,mast:JWST/product/jw02107-o041_t019_nircam_clear-f200w_i2d.jpg,2107
2022-07-13,2022-06-12 12:00:26.075,2022-06-12 16:48:57.083,3132,NGC-3132, 770 1130 1280 1800,mast:JWST/product/jw02733-o002_t001_miri_f770w_i2d.jpg,2733
2022-07-13,2022-06-03 09:00:41.204,2022-06-03 15:22:38.772,3324,NGC-3324,187 444 470,mast:JWST/product/jw02731-o001_t017_nircam_clear-f187n_i2d.jpg,2731
2022-07-13,2022-06-11 01:13:05.558,2022-06-11 13:21:47.368,3324,NGC-3324, 770 1130 1280 1800,mast:JWST/product/jw02731-o002_t017_miri_f770w_i2d.jpg,2731
2022-07-13,2022-06-20 09:54:37.085,2022-06-20 11:02:03.189,7319,NGC-7319-MRS, 770 1000 1130,mast:JWST/product/jw02732-o004_t004_miri_f770w_i2d.jpg,2732
2022-07-13,2022-06-11 16:33:35.099,2022-06-12 21:37:28.171,7320,NGC-7320, 150  200  444  770 1000 1500,mast:JWST/product/jw02732-o001_t001_nircam_clear-f150w_i2d.jpg,2732
2022-07-13,2022-06-30 23:46:55.610,2022-07-01 03:21:59.828,7320,NGC-7320, 770 1000 1500,mast:JWST/product/jw02732-o006_t001_miri_f770w_i2d.jpg,2732
2022-07-13,2022-06-03 16:01:34.363,2022-06-03 18:21:52.105,3132,NGC-3132, 90 187 212 356 444 470,mast:JWST/product/jw02733-o001_t001_nircam_clear-f090w_i2d.jpg,2733
