miri_target,miri_obs_date,nircam_target,nircam_obs_date,miri_ra,miri_dec,miri_coord,set_release,miri_release,nircam_release,overlap,runner_up,runner_up_overlap,miri_status,nircam_status,n_miri_images,n_nircam_images,ready,announced,image_post
GC_61,2026-09-18 15:16:28,GC_76,2026-09-19 16:11:42,266.544002,-28.867222,17:46:10.6 -28:52:02.0,2026-09-20 10:14:03,2026-09-18 23:07:09,2026-09-20 10:14:03,0.996,GC_77,0.288,observed,observed,1,40,False,bot,
GC_60,2026-09-18 14:33:52,GC_75,2026-09-19 15:38:59,266.579262,-28.885989,17:46:19.0 -28:53:09.6,2026-09-20 09:41:52,2026-09-18 23:05:59,2026-09-20 09:41:52,0.996,GC_76,0.217,observed,observed,1,60,False,bot,
GC_46,2026-09-18 13:48:44,GC_61,2026-09-18 15:16:35,266.503231,-28.995173,17:46:00.8 -28:59:42.6,2026-09-18 23:17:55,2026-09-18 22:33:41,2026-09-18 23:17:55,0.996,GC_62,0.29,observed,observed,1,2,True,manual,
GC_108,2026-09-14 00:36:14,GC_121,2026-09-12 21:09:53,266.844108,-28.503778,17:47:22.6 -28:30:13.6,2026-09-15 04:38:42,2026-09-14 07:59:54,2026-09-15 04:38:42,1.0,GC_122,0.231,observed,observed,1,2,True,manual,
GC_112,2026-09-13 22:09:32,GC_125,2026-09-13 01:00:49,266.703457,-28.428713,17:46:48.8 -28:25:43.4,2026-09-15 04:33:08,2026-09-14 03:25:33,2026-09-15 04:33:08,0.999,GC_118,0.139,observed,observed,1,2,True,manual,
GC_121,2026-09-12 21:09:55,GC_134,2026-09-12 12:30:31,266.884268,-28.375751,17:47:32.2 -28:22:32.7,2026-09-15 04:26:10,2026-09-15 04:26:10,2026-09-12 23:14:52,1.0,GC_135,0.231,observed,observed,1,2,True,manual,
GC_109,2026-09-13 23:53:41,GC_122,2026-09-12 20:30:13,266.808892,-28.484948,17:47:14.1 -28:29:05.8,2026-09-15 04:08:37,2026-09-14 07:09:45,2026-09-15 04:08:37,1.0,GC_123,0.231,observed,observed,1,2,True,manual,
GC_120,2026-09-13 01:47:04,GC_133,2026-09-12 13:13:11,266.919415,-28.394361,17:47:40.7 -28:23:39.7,2026-09-15 04:05:04,2026-09-15 04:05:04,2026-09-13 00:05:45,1.0,GC_134,0.231,observed,observed,1,2,True,manual,
GC_122,2026-09-12 20:29:58,GC_135,2026-09-12 11:47:28,266.849118,-28.357093,17:47:23.8 -28:21:25.5,2026-09-15 03:32:46,2026-09-15 03:32:46,2026-09-12 21:27:55,1.0,GC_136,0.278,observed,observed,1,2,True,manual,
GC_111,2026-09-13 22:52:41,GC_124,2026-09-12 18:56:05,266.738553,-28.447595,17:46:57.3 -28:26:51.3,2026-09-14 21:59:38,2026-09-14 05:20:38,2026-09-14 21:59:38,0.999,GC_125,0.231,observed,observed,1,2,True,manual,
GC_124,2026-09-12 18:56:01,GC_137,2026-09-11 11:51:55,266.778817,-28.319613,17:47:06.9 -28:19:10.6,2026-09-14 21:50:12,2026-09-14 21:50:12,2026-09-13 01:52:40,1.0,GC_130,0.139,observed,observed,1,2,True,manual,
GC_98,2026-09-14 06:31:24,GC_112,2026-09-13 22:09:40,266.663002,-28.556827,17:46:39.1 -28:33:24.6,2026-09-14 15:59:31,2026-09-14 15:59:31,2026-09-14 03:45:35,0.996,GC_113,0.19,observed,observed,1,2,True,manual,
GC_114,2026-09-13 20:47:04,GC_127,2026-09-12 17:27:05,266.881776,-28.449143,17:47:31.6 -28:26:56.9,2026-09-14 14:32:07,2026-09-14 14:32:07,2026-09-13 03:47:25,1.0,GC_128,0.231,observed,observed,1,2,True,manual,
GC_105,2026-09-14 03:22:56,GC_118,2026-09-13 02:55:20,266.700827,-28.502115,17:46:48.2 -28:30:07.6,2026-09-14 09:46:22,2026-09-14 09:46:22,2026-09-13 16:46:11,0.999,GC_119,0.283,observed,observed,1,2,True,manual,
GC_116,2026-09-13 04:20:51,GC_129,2026-09-12 16:01:23,266.811442,-28.411789,17:47:14.7 -28:24:42.4,2026-09-13 18:37:22,2026-09-13 18:37:22,2026-09-13 01:02:00,1.0,GC_130,0.231,observed,observed,1,2,True,manual,
GC_117,2026-09-13 03:38:07,GC_130,2026-09-12 15:21:35,266.77629,-28.393008,17:47:06.3 -28:23:34.8,2026-09-13 17:29:41,2026-09-13 17:29:41,2026-09-13 02:44:49,1.0,GC_131,0.231,observed,observed,1,2,True,manual,
GC_118,2026-09-13 02:55:03,GC_131,2026-09-12 14:42:07,266.741141,-28.374281,17:46:57.9 -28:22:27.4,2026-09-13 16:26:43,2026-09-13 16:26:43,2026-09-13 00:51:00,1.0,GC_124,0.139,observed,observed,1,2,True,manual,
GC_1,,GC_14,,266.192399,-29.351175,17:44:46.2 -29:21:04.2,,,,0.793,GC_15,0.484,planned,planned,6,6,False,,
GC_2,,GC_15,,266.157039,-29.332292,17:44:37.7 -29:19:56.2,,,,0.792,GC_16,0.486,planned,planned,6,6,False,,
GC_3,,GC_16,,266.121692,-29.3134,17:44:29.2 -29:18:48.2,,,,0.791,GC_17,0.487,planned,planned,6,6,False,,
GC_4,,GC_17,,266.086358,-29.294497,17:44:20.7 -29:17:40.2,,,,0.79,GC_11,0.121,planned,planned,6,6,False,,
GC_5,,,,266.051038,-29.275586,17:44:12.2 -29:16:32.1,,,,0.0,,0.0,planned,planned,6,0,False,,
GC_6,,GC_19,,266.266091,-29.315569,17:45:03.9 -29:18:56.0,,,,0.795,GC_20,0.482,planned,planned,6,6,False,,
GC_7,,GC_20,,266.23073,-29.296705,17:44:55.4 -29:17:48.1,,,,0.794,GC_21,0.483,planned,planned,6,6,False,,
GC_8,,GC_21,,266.195382,-29.277833,17:44:46.9 -29:16:40.2,,,,0.793,GC_22,0.484,planned,planned,6,6,False,,
GC_9,,GC_22,,266.160047,-29.25895,17:44:38.4 -29:15:32.2,,,,0.792,GC_23,0.486,planned,planned,6,6,False,,
GC_10,,GC_23,,266.124724,-29.240058,17:44:29.9 -29:14:24.2,,,,0.791,GC_24,0.487,planned,planned,6,6,False,,
GC_11,,GC_24,,266.089415,-29.221158,17:44:21.5 -29:13:16.2,,,,0.79,,0.0,planned,planned,6,6,False,,
GC_12,,GC_26,,266.304369,-29.26108,17:45:13.0 -29:15:39.9,,,,0.796,GC_27,0.481,planned,planned,6,6,False,,
GC_13,,GC_27,,266.26902,-29.242228,17:45:04.6 -29:14:32.0,,,,0.795,GC_28,0.482,planned,planned,6,6,False,,
GC_14,,GC_28,,266.233683,-29.223364,17:44:56.1 -29:13:24.1,,,,0.794,GC_29,0.483,planned,planned,6,6,False,,
GC_15,,GC_29,,266.19836,-29.204492,17:44:47.6 -29:12:16.2,,,,0.793,GC_30,0.484,planned,planned,6,6,False,,
GC_16,,GC_30,,266.163049,-29.185611,17:44:39.1 -29:11:08.2,,,,0.792,GC_31,0.486,planned,planned,6,6,False,,
GC_17,,GC_31,,266.127752,-29.166719,17:44:30.7 -29:10:00.2,,,,0.791,GC_24,0.121,planned,planned,6,6,False,,
GC_18,,GC_33,,266.342606,-29.20658,17:45:22.2 -29:12:23.7,,,,0.797,GC_34,0.48,planned,planned,6,6,False,,
GC_19,,GC_34,,266.307268,-29.187736,17:45:13.7 -29:11:15.8,,,,0.796,GC_35,0.481,planned,planned,6,6,False,,
GC_20,,GC_35,,266.271943,-29.168883,17:45:05.3 -29:10:08.0,,,,0.795,GC_36,0.482,planned,planned,6,6,False,,
GC_21,,GC_36,,266.236632,-29.150022,17:44:56.8 -29:09:00.1,,,,0.794,GC_37,0.483,planned,planned,6,6,False,,
GC_22,,GC_37,,266.201333,-29.13115,17:44:48.3 -29:07:52.1,,,,0.793,GC_38,0.484,planned,planned,6,6,False,,
GC_23,,GC_38,,266.166048,-29.112269,17:44:39.9 -29:06:44.2,,,,0.792,GC_31,0.121,planned,planned,6,6,False,,
GC_24,,,,266.130775,-29.09338,17:44:31.4 -29:05:36.2,,,,0.0,,0.0,planned,planned,6,0,False,,
GC_25,,GC_40,2026-09-15 15:39:29,266.380802,-29.152069,17:45:31.4 -29:09:07.4,,,2026-09-15 20:03:10,0.806,GC_41,0.436,planned,observed,6,2,False,,
GC_26,,GC_41,2026-09-15 17:12:49,266.345476,-29.133236,17:45:22.9 -29:07:59.6,,,2026-09-15 21:10:28,0.806,GC_42,0.439,planned,observed,6,2,False,,
GC_27,,GC_42,2026-09-15 18:05:55,266.310163,-29.114394,17:45:14.4 -29:06:51.8,,,2026-09-15 22:25:11,0.804,GC_43,0.442,planned,observed,6,2,False,,
GC_28,,GC_43,2026-09-15 18:45:48,266.274864,-29.095542,17:45:06.0 -29:05:43.9,,,2026-09-15 23:29:59,0.802,GC_44,0.448,planned,observed,6,2,False,,
GC_29,,GC_44,2026-09-18 12:04:17,266.239577,-29.07668,17:44:57.5 -29:04:36.0,,,2026-09-18 19:18:00,0.8,GC_45,0.448,planned,observed,6,2,False,,
GC_30,,GC_45,2026-09-18 13:02:34,266.204303,-29.057808,17:44:49.0 -29:03:28.1,,,2026-09-18 20:20:12,0.8,GC_38,0.121,planned,observed,6,2,False,,
GC_31,,,,266.169042,-29.038928,17:44:40.6 -29:02:20.1,,,,0.0,,0.0,planned,planned,6,0,False,,
GC_32,,GC_47,,266.418957,-29.097547,17:45:40.5 -29:05:51.2,,,,0.8,GC_48,0.477,planned,planned,6,6,False,,
GC_33,,GC_48,,266.383643,-29.078725,17:45:32.1 -29:04:43.4,,,,0.799,GC_49,0.478,planned,planned,6,6,False,,
GC_34,,GC_49,,266.348342,-29.059892,17:45:23.6 -29:03:35.6,,,,0.798,GC_50,0.479,planned,planned,6,6,False,,
GC_35,,GC_50,,266.313054,-29.04105,17:45:15.1 -29:02:27.8,,,,0.796,GC_51,0.481,planned,planned,6,6,False,,
GC_36,,GC_51,,266.277779,-29.022197,17:45:06.7 -29:01:19.9,,,,0.795,GC_52,0.482,planned,planned,6,6,False,,
GC_37,,GC_52,,266.242517,-29.003336,17:44:58.2 -29:00:12.0,,,,0.794,GC_45,0.138,planned,planned,6,6,False,,
GC_38,,,,266.207268,-28.984467,17:44:49.7 -28:59:04.1,,,,0.0,,0.0,planned,planned,6,0,False,,
GC_39,,GC_54,,266.457072,-29.043017,17:45:49.7 -29:02:34.9,,,,0.801,GC_55,0.475,planned,planned,6,6,False,,
GC_40,2026-09-15 15:39:22,GC_55,,266.429827,-29.030849,17:45:43.2 -29:01:51.1,,2026-09-15 19:55:35,,0.972,GC_56,0.292,observed,planned,1,6,False,,
GC_41,2026-09-15 17:12:37,GC_56,,266.394566,-29.012168,17:45:34.7 -29:00:43.8,,2026-09-15 20:55:29,,0.972,GC_57,0.294,observed,planned,1,6,False,,
GC_42,2026-09-15 18:05:48,GC_57,,266.359317,-28.993142,17:45:26.2 -28:59:35.3,,2026-09-15 22:11:25,,0.971,GC_58,0.295,observed,planned,1,6,False,,
GC_43,2026-09-15 18:45:40,GC_58,,266.324023,-28.974347,17:45:17.8 -28:58:27.7,,2026-09-15 23:21:26,,0.971,GC_59,0.296,observed,planned,1,6,False,,
GC_44,2026-09-18 12:04:01,GC_59,,266.288792,-28.955466,17:45:09.3 -28:57:19.7,,2026-09-18 19:04:10,,0.97,GC_51,0.137,observed,planned,1,6,False,,
GC_45,2026-09-18 13:02:18,,,266.253599,-28.936521,17:45:00.9 -28:56:11.5,,2026-09-18 20:06:19,,0.0,GC_52,0.136,observed,planned,1,0,False,,
GC_47,,GC_62,,266.459857,-28.969669,17:45:50.4 -28:58:10.8,,,,0.802,GC_63,0.436,planned,planned,6,6,False,,
GC_48,,GC_63,2026-09-18 15:58:04,266.424579,-28.950855,17:45:41.9 -28:57:03.1,,,2026-09-19 00:28:39,0.808,GC_64,0.436,planned,observed,6,2,False,,
GC_49,,GC_64,2026-09-18 16:41:30,266.389315,-28.932033,17:45:33.4 -28:55:55.3,,,2026-09-19 01:36:26,0.806,GC_65,0.436,planned,observed,6,2,False,,
GC_50,,GC_65,2026-09-18 17:24:11,266.354063,-28.913203,17:45:25.0 -28:54:47.5,,,2026-09-19 03:18:27,0.806,GC_66,0.438,planned,observed,6,2,False,,
GC_51,,GC_66,2026-09-18 18:29:40,266.318825,-28.894361,17:45:16.5 -28:53:39.7,,,2026-09-20 05:58:47,0.793,GC_59,0.12,planned,observed,6,50,False,,
GC_52,,,,266.283599,-28.875511,17:45:08.1 -28:52:31.8,,,,0.0,,0.0,planned,planned,6,0,False,,
GC_53,,GC_68,2026-09-18 18:53:04,266.533182,-28.933919,17:46:08.0 -28:56:02.1,,,2026-09-19 06:07:16,0.813,GC_69,0.436,planned,observed,6,2,False,,
GC_54,,GC_69,2026-09-18 19:36:31,266.497903,-28.915125,17:45:59.5 -28:54:54.4,,,2026-09-19 06:39:55,0.811,GC_70,0.436,planned,observed,6,2,False,,
GC_55,,GC_70,2026-09-19 11:35:46,266.462638,-28.896322,17:45:51.0 -28:53:46.8,,,2026-09-20 06:08:30,0.81,GC_71,0.436,planned,observed,6,2,False,,
GC_56,,GC_71,2026-09-19 12:18:17,266.427385,-28.877508,17:45:42.6 -28:52:39.0,,,2026-09-20 07:03:38,0.808,GC_72,0.436,planned,observed,6,2,False,,
GC_57,,GC_72,2026-09-19 13:00:40,266.392145,-28.858689,17:45:34.1 -28:51:31.3,,,2026-09-20 07:20:10,0.806,GC_73,0.436,planned,observed,6,2,False,,
GC_58,,GC_73,2026-09-19 13:44:02,266.356918,-28.839858,17:45:25.7 -28:50:23.5,,,2026-09-20 07:49:10,0.806,GC_66,0.138,planned,observed,6,2,False,,
GC_59,,,,266.321704,-28.821017,17:45:17.2 -28:49:15.7,,,,0.0,,0.0,planned,planned,6,0,False,,
GC_62,,GC_77,,266.500656,-28.841778,17:46:00.2 -28:50:30.4,,,,0.803,GC_78,0.474,planned,planned,6,6,False,,
GC_63,2026-09-18 15:57:44,GC_78,,266.473398,-28.829787,17:45:53.6 -28:49:47.2,,2026-09-19 00:09:54,,0.973,GC_79,0.291,observed,planned,1,6,False,,
GC_64,2026-09-18 16:41:18,GC_79,,266.438303,-28.810749,17:45:45.2 -28:48:38.7,,2026-09-19 01:16:04,,0.973,GC_80,0.292,observed,planned,1,6,False,,
GC_65,2026-09-18 17:23:59,GC_80,,266.403071,-28.792038,17:45:36.7 -28:47:31.3,,2026-09-19 02:51:21,,0.972,GC_72,0.138,observed,planned,1,6,False,,
GC_66,2026-09-18 18:29:37,,,266.367339,-28.773586,17:45:28.2 -28:46:24.9,,2026-09-20 05:54:37,,0.0,GC_73,0.137,observed,planned,6,0,False,,
GC_67,2026-09-18 06:05:37,GC_82,,266.617215,-28.831506,17:46:28.1 -28:49:53.4,,2026-09-18 17:09:38,,0.977,GC_83,0.286,observed,planned,1,6,False,,
GC_68,2026-09-18 18:52:56,GC_83,,266.581929,-28.812578,17:46:19.7 -28:48:45.3,,2026-09-19 05:29:09,,0.976,GC_84,0.287,observed,planned,1,6,False,,
GC_69,2026-09-18 19:36:19,GC_84,,266.546743,-28.793851,17:46:11.2 -28:47:37.9,,2026-09-19 06:35:50,,0.975,GC_85,0.288,observed,planned,1,6,False,,
GC_70,2026-09-19 11:35:44,GC_85,,266.511516,-28.775147,17:46:02.8 -28:46:30.5,,2026-09-20 06:01:16,,0.974,GC_86,0.289,observed,planned,1,6,False,,
GC_71,2026-09-19 12:18:15,GC_86,,266.476273,-28.756412,17:45:54.3 -28:45:23.1,,2026-09-20 06:41:43,,0.973,GC_87,0.291,observed,planned,1,6,False,,
GC_72,2026-09-19 13:00:20,GC_87,,266.441079,-28.737243,17:45:45.9 -28:44:14.1,,2026-09-20 07:15:04,,0.973,GC_79,0.138,observed,planned,1,6,False,,
GC_73,2026-09-19 13:43:46,,,266.405874,-28.718725,17:45:37.4 -28:43:07.4,,2026-09-20 07:42:41,,0.0,GC_80,0.138,observed,planned,1,0,False,,
GC_74,2026-09-19 14:33:10,GC_89,,266.655131,-28.776913,17:46:37.2 -28:46:36.9,,2026-09-20 08:49:34,,0.977,GC_90,0.284,observed,planned,1,6,False,,
GC_75,,GC_90,,266.611803,-28.751431,17:46:26.8 -28:45:05.1,,,,0.806,GC_91,0.47,planned,planned,6,6,False,,
GC_76,,GC_91,,266.576572,-28.732656,17:46:18.4 -28:43:57.6,,,,0.805,GC_92,0.471,planned,planned,6,6,False,,
GC_77,,GC_92,,266.541355,-28.713872,17:46:09.9 -28:42:49.9,,,,0.804,GC_93,0.472,planned,planned,6,6,False,,
GC_78,,GC_93,,266.50615,-28.695081,17:46:01.5 -28:41:42.3,,,,0.803,GC_94,0.473,planned,planned,6,6,False,,
GC_79,,GC_94,,266.470957,-28.676281,17:45:53.0 -28:40:34.6,,,,0.802,GC_87,0.119,planned,planned,6,6,False,,
GC_80,,,,266.435778,-28.657469,17:45:44.6 -28:39:26.9,,,,0.0,,0.0,planned,planned,6,0,False,,
GC_81,,GC_96,,266.684921,-28.715597,17:46:44.4 -28:42:56.1,,,,0.808,GC_97,0.467,planned,planned,6,6,False,,
GC_82,,GC_97,,266.64969,-28.696844,17:46:35.9 -28:41:48.6,,,,0.807,GC_98,0.435,planned,planned,6,6,False,,
GC_83,,GC_98,2026-09-14 06:31:26,266.614471,-28.678081,17:46:27.5 -28:40:41.1,,,2026-09-14 16:18:32,0.813,GC_91,0.118,planned,observed,6,2,False,,
GC_84,,GC_100,2026-09-14 05:19:25,266.579265,-28.659306,17:46:19.0 -28:39:33.5,,,2026-09-14 15:04:57,0.436,GC_92,0.119,planned,observed,6,2,False,,
GC_85,,GC_100,2026-09-14 05:19:25,266.544071,-28.640525,17:46:10.6 -28:38:25.9,,,2026-09-14 15:04:57,0.813,GC_101,0.472,planned,observed,6,2,False,,
GC_86,,GC_101,,266.508891,-28.621733,17:46:02.1 -28:37:18.2,,,,0.803,GC_94,0.119,planned,planned,6,6,False,,
GC_87,,,,266.473723,-28.602933,17:45:53.7 -28:36:10.6,,,,0.0,,0.0,planned,planned,6,0,False,,
GC_88,,,,266.722756,-28.660992,17:46:53.5 -28:39:39.6,,,,0.0,GC_96,0.117,planned,planned,6,0,False,,
GC_89,,GC_105,2026-09-14 03:23:15,266.687537,-28.642247,17:46:45.0 -28:38:32.1,,,2026-09-14 10:11:35,0.428,GC_97,0.118,planned,observed,6,2,False,,
GC_90,,GC_105,2026-09-14 03:23:15,266.65233,-28.623492,17:46:36.6 -28:37:24.6,,,2026-09-14 10:11:35,0.813,GC_106,0.435,planned,observed,6,2,False,,
GC_91,,GC_106,2026-09-14 02:19:06,266.617136,-28.604731,17:46:28.1 -28:36:17.0,,,2026-09-14 09:22:53,0.813,GC_107,0.436,planned,observed,6,2,False,,
GC_92,,GC_107,2026-09-14 01:36:45,266.581954,-28.585958,17:46:19.7 -28:35:09.5,,,2026-09-14 08:47:42,0.813,GC_100,0.133,planned,observed,6,2,False,,
GC_93,,,,266.546785,-28.567175,17:46:11.2 -28:34:01.8,,,,0.0,GC_101,0.119,planned,planned,6,0,False,,
GC_94,,,,266.511628,-28.548386,17:46:02.8 -28:32:54.2,,,,0.0,,0.0,planned,planned,6,0,False,,
GC_95,,GC_109,2026-09-13 23:53:52,266.760553,-28.606375,17:47:02.5 -28:36:23.0,,,2026-09-14 07:32:41,0.819,,0.0,planned,observed,6,2,False,,
GC_96,,GC_111,2026-09-13 22:52:55,266.725345,-28.587639,17:46:54.1 -28:35:15.5,,,2026-09-14 05:53:49,0.425,,0.0,planned,observed,6,2,False,,
GC_97,,GC_111,2026-09-13 22:52:55,266.690149,-28.568894,17:46:45.6 -28:34:08.0,,,2026-09-14 05:53:49,0.815,GC_112,0.428,planned,observed,6,2,False,,
GC_100,2026-09-14 05:19:12,,,266.592729,-28.519244,17:46:22.3 -28:31:09.3,,2026-09-14 14:54:59,,0.0,GC_107,0.139,observed,planned,1,0,False,,
GC_101,,,,266.549494,-28.493828,17:46:11.9 -28:29:37.8,,,,0.0,,0.0,planned,planned,6,0,False,,
GC_102,2026-09-14 04:35:58,,,266.806439,-28.55833,17:47:13.5 -28:33:30.0,,2026-09-14 13:55:16,,0.0,GC_116,0.231,observed,planned,1,0,False,,
GC_106,2026-09-14 02:19:00,GC_119,,266.665674,-28.483387,17:46:39.8 -28:29:00.2,,2026-09-14 09:01:12,,0.978,GC_112,0.139,observed,planned,1,6,False,,
GC_107,2026-09-14 01:36:36,,,266.630531,-28.464618,17:46:31.3 -28:27:52.6,,2026-09-14 08:32:22,,0.0,GC_113,0.139,observed,planned,1,0,False,,
GC_113,2026-09-13 21:33:52,,,266.666991,-28.408501,17:46:40.1 -28:24:30.6,,2026-09-14 14:54:51,,0.0,GC_119,0.129,observed,planned,1,0,False,,
GC_119,,,,266.697966,-28.348839,17:46:47.5 -28:20:55.8,,,,0.0,,0.0,planned,planned,6,0,False,,
GC_123,2026-09-12 19:39:22,GC_136,,266.813933,-28.338338,17:47:15.3 -28:20:18.0,,2026-09-14 22:52:19,,0.98,GC_137,0.231,observed,planned,1,6,False,,
GC_125,2026-09-13 01:00:46,,,266.743722,-28.300858,17:46:58.5 -28:18:03.1,,2026-09-15 04:18:58,,0.0,GC_131,0.139,observed,planned,1,0,False,,
GC_126,2026-09-12 18:09:55,,,266.95699,-28.339646,17:47:49.7 -28:20:22.7,,2026-09-13 18:15:28,,0.0,GC_132,0.14,observed,planned,1,0,False,,
GC_127,2026-09-12 17:26:59,,,266.921894,-28.320921,17:47:41.3 -28:19:15.3,,2026-09-13 03:30:16,,0.0,GC_133,0.14,observed,planned,1,0,False,,
GC_128,2026-09-12 16:43:28,,,266.886726,-28.302353,17:47:32.8 -28:18:08.5,,2026-09-13 01:55:44,,0.0,GC_134,0.14,observed,planned,1,0,False,,
GC_129,2026-09-12 16:01:14,,,266.851582,-28.283665,17:47:24.4 -28:17:01.2,,2026-09-13 00:57:24,,0.0,GC_135,0.14,observed,planned,1,0,False,,
GC_130,2026-09-12 15:21:33,,,266.81645,-28.265027,17:47:15.9 -28:15:54.1,,2026-09-13 02:15:40,,0.0,GC_136,0.14,observed,planned,1,0,False,,
GC_131,2026-09-12 14:41:52,,,266.781351,-28.24623,17:47:07.5 -28:14:46.4,,2026-09-13 00:44:38,,0.0,GC_137,0.139,observed,planned,1,0,False,,
GC_132,2026-09-12 13:55:43,,,266.994574,-28.285083,17:47:58.7 -28:17:06.3,,2026-09-12 23:01:02,,0.0,,0.0,observed,planned,1,0,False,,
GC_133,2026-09-12 13:13:01,,,266.959444,-28.266438,17:47:50.3 -28:15:59.2,,2026-09-13 00:00:23,,0.0,,0.0,observed,planned,1,0,False,,
GC_134,2026-09-12 12:30:22,,,266.924285,-28.247803,17:47:41.8 -28:14:52.1,,2026-09-12 23:12:37,,0.0,,0.0,observed,planned,1,0,False,,
GC_135,2026-09-12 11:47:16,,,266.88919,-28.229033,17:47:33.4 -28:13:44.5,,2026-09-12 21:20:58,,0.0,,0.0,observed,planned,1,0,False,,
GC_136,,,,266.846031,-28.203692,17:47:23.0 -28:12:13.3,,,,0.0,,0.0,planned,planned,6,0,False,,
GC_137,2026-09-11 11:51:45,,,266.818981,-28.191605,17:47:16.6 -28:11:29.8,,2026-09-13 01:47:03,,0.0,,0.0,observed,planned,1,0,False,,
GC_138,2026-09-11 10:59:37,,,265.858973,-28.550367,17:43:26.2 -28:33:01.3,,2026-09-13 00:18:45,,0.0,,0.0,observed,planned,1,0,False,,
GC_139,2026-09-11 07:26:04,,,265.820996,-28.603874,17:43:17.0 -28:36:13.9,,2026-09-13 01:27:57,,0.0,GC_138,0.113,observed,planned,1,0,False,,
